Workbook

Sheet Weights
A1: Question_ID | B1: Key | C1: Option_Code | D1: Option_Text | E1: Question_Text | F1: E_w | G1: P_w | H1: T_w | I1: S_w | J1: X_w | K1: B_w | L1: Notes
A2: Q1 | B2: Q1|A | C2: A | D2: 이번엔 회복/휴식이 1순위다! | E2: 내일 출국! 이번 여행의 핵심 모드는? | F2: -2 | G2: 0 | H2: 0 | I2: -1 | J2: -1 | K2: 0 | L2: 휴식/저자극
A3: Q1 | B3: Q1|B | C3: B | D3: 분 단위로 꽉 채우는 효율 여행, 체력 갈아 넣는다! | E3: 내일 출국! 이번 여행의 핵심 모드는? | F3: 2 | G3: 1 | H3: 0 | I3: 0 | J3: 0 | K3: 0 | L3: 하드코어/효율
A4: Q1 | B4: Q1|C | C4: C | D4: 사람/추억/에너지가 핵심이지! | E4: 내일 출국! 이번 여행의 핵심 모드는? | F4: 1 | G4: 0 | H4: 0 | I4: 2 | J4: 0 | K4: 0 | L4: 소셜/추억
A5: Q1 | B5: Q1|D | C5: D | D5: 나는 영감, 전시, 새로운 관점을 얻고 싶어! | E5: 내일 출국! 이번 여행의 핵심 모드는? | F5: 0 | G5: 1 | H5: 0 | I5: -1 | J5: 1 | K5: 0 | L5: 문화/영감
A6: Q2 | B6: Q2|A | C6: A | D6: 다른 사람에게 모든 것을 맡기고 그 계획을 따른다 | E6: 여행 계획을 세울때 나는 어떤 스타일? | F6: 0 | G6: -2 | H6: 0 | I6: 0 | J6: -1 | K6: 0 | L6: 수동/의존
A7: Q2 | B7: Q2|B | C7: B | D7: 여행 후기, 추천 맛집 등을 찾아 최고의 계획을 세운다 | E7: 여행 계획을 세울때 나는 어떤 스타일? | F7: 0 | G7: 2 | H7: 1 | I7: 0 | J7: -1 | K7: 0 | L7: 계획/레퍼런스
A8: Q2 | B8: Q2|C | C8: C | D8: 장소만 정하고 나머지는 즉흥적으로 결정한다 | E8: 여행 계획을 세울때 나는 어떤 스타일? | F8: 0 | G8: -2 | H8: 0 | I8: 0 | J8: 2 | K8: 0 | L8: 즉흥/유연
A9: Q3 | B9: Q3|A | C9: A | D9: 남들이 다 가는덴 이유가 있겠지.. 기다린다. 유행을 따라가보자! | E9: 틱톡 바이럴 카페 2시간 웨이팅이면? | F9: 0 | G9: 1 | H9: 2 | I9: 1 | J9: 0 | K9: 0 | L9: 트렌드/대기 감수
A10: Q3 | B10: Q3|B | C10: B | D10: 장난해? 웨이팅 없는 로컬 카페를 발굴할래 | E10: 틱톡 바이럴 카페 2시간 웨이팅이면? | F10: 0 | G10: 0 | H10: -2 | I10: 0 | J10: 1 | K10: 0 | L10: 로컬/발굴
A11: Q3 | B11: Q3|C | C11: C | D11: 우리의 목적은 인증샷! 입구에서 사진만 찍고 쿨하게 딴 데 가자 | E11: 틱톡 바이럴 카페 2시간 웨이팅이면? | F11: 0 | G11: 1 | H11: 1 | I11: 0 | J11: 0 | K11: 0 | L11: 콘텐츠/효율
A12: Q4 | B12: Q4|A | C12: A | D12: 어디에 사람이 많나? 음악/대화/에너지 섞이는 분위기가 좋아 | E12: 밤이 되니까 거리가 북적북적. 어디로 갈까? | F12: 1 | G12: 0 | H12: 0 | I12: 2 | J12: 0 | K12: 0 | L12: 야간/소셜
A13: Q4 | B13: Q4|B | C13: B | D13: 호텔로 돌아가서 휴식을 취할래 | E13: 밤이 되니까 거리가 북적북적. 어디로 갈까? | F13: -2 | G13: 0 | H13: 0 | I13: -1 | J13: 0 | K13: 0 | L13: 회복/숙소
... A36: Q12 | B36: Q12|C | C36: C | D36: 잠깐, 이게 50달러? 그 돈이면 치킨이 세마리! | E36: K-뷰티 스토어에서 내 카드는? | F36: 0 | G36: 0 | H36: 0 | I36: 0 | J36: 0 | K36: 2 | L36: 강한 가성비

Sheet Input
A1: C열에서 각 질문의 옵션코드(A/B/C/...)를 선택하면, 축 점수(E,P,T,S,X,B)가 자동 계산됩니다.
A2: Question_ID | B2: Question | C2: 선택(옵션코드) | D2: 선택지 텍스트 | E2: E | F2: P | G2: T | H2: S | I2: X | J2: B
A3: Q1 | B3: 내일 출국! 이번 여행의 핵심 모드는? | C3: A | D3: =IF($C3="","",IFERROR(INDEX(Weights!$D:$D, MATCH($A3&"|"&$C3, Weights!$B:$B, 0)),"")) -> 이번엔 회복/휴식이 1순위다! | E3: =IF($C3="","",IFERROR(INDEX(Weights!$F:$F, MATCH($A3&"|"&$C3, Weights!$B:$B, 0)),0)) -> -2 | F3: =IF($C3="","",IFERROR(INDEX(Weights!$G:$G, MATCH($A3&"|"&$C3, Weights!$B:$B, 0)),0)) -> 0 | G3: =IF($C3="","",IFERROR(INDEX(Weights!$H:$H, MATCH($A3&"|"&$C3, Weights!$B:$B, 0)),0)) -> 0 | H3: =IF($C3="","",IFERROR(INDEX(Weights!$I:$I, MATCH($A3&"|"&$C3, Weights!$B:$B, 0)),0)) -> -1 | I3: =IF($C3="","",IFERROR(INDEX(Weights!$J:$J, MATCH($A3&"|"&$C3, Weights!$B:$B, 0)),0)) -> -1 | J3: =IF($C3="","",IFERROR(INDEX(Weights!$K:$K, MATCH($A3&"|"&$C3, Weights!$B:$B, 0)),0)) -> 0
A4: Q2 | B4: 여행 계획을 세울때 나는 어떤 스타일? | D4: =IF($C4="","",IFERROR(INDEX(Weights!$D:$D, MATCH($A4&"|"&$C4, Weights!$B:$B, 0)),"")) | E4: =IF($C4="","",IFERROR(INDEX(Weights!$F:$F, MATCH($A4&"|"&$C4, Weights!$B:$B, 0)),0)) | F4: =IF($C4="","",IFERROR(INDEX(Weights!$G:$G, MATCH($A4&"|"&$C4, Weights!$B:$B, 0)),0)) | G4: =IF($C4="","",IFERROR(INDEX(Weights!$H:$H, MATCH($A4&"|"&$C4, Weights!$B:$B, 0)),0)) | H4: =IF($C4="","",IFERROR(INDEX(Weights!$I:$I, MATCH($A4&"|"&$C4, Weights!$B:$B, 0)),0)) | I4: =IF($C4="","",IFERROR(INDEX(Weights!$J:$J, MATCH($A4&"|"&$C4, Weights!$B:$B, 0)),0)) | J4: =IF($C4="","",IFERROR(INDEX(Weights!$K:$K, MATCH($A4&"|"&$C4, Weights!$B:$B, 0)),0))
A5: Q3 | B5: 틱톡 바이럴 카페 2시간 웨이팅이면? | D5: =IF($C5="","",IFERROR(INDEX(Weights!$D:$D, MATCH($A5&"|"&$C5, Weights!$B:$B, 0)),"")) | E5: =IF($C5="","",IFERROR(INDEX(Weights!$F:$F, MATCH($A5&"|"&$C5, Weights!$B:$B, 0)),0)) | F5: =IF($C5="","",IFERROR(INDEX(Weights!$G:$G, MATCH($A5&"|"&$C5, Weights!$B:$B, 0)),0)) | G5: =IF($C5="","",IFERROR(INDEX(Weights!$H:$H, MATCH($A5&"|"&$C5, Weights!$B:$B, 0)),0)) | H5: =IF($C5="","",IFERROR(INDEX(Weights!$I:$I, MATCH($A5&"|"&$C5, Weights!$B:$B, 0)),0)) | I5: =IF($C5="","",IFERROR(INDEX(Weights!$J:$J, MATCH($A5&"|"&$C5, Weights!$B:$B, 0)),0)) | J5: =IF($C5="","",IFERROR(INDEX(Weights!$K:$K, MATCH($A5&"|"&$C5, Weights!$B:$B, 0)),0))
A6: Q4 | B6: 밤이 되니까 거리가 북적북적. 어디로 갈까? | D6: =IF($C6="","",IFERROR(INDEX(Weights!$D:$D, MATCH($A6&"|"&$C6, Weights!$B:$B, 0)),"")) | E6: =IF($C6="","",IFERROR(INDEX(Weights!$F:$F, MATCH($A6&"|"&$C6, Weights!$B:$B, 0)),0)) | F6: =IF($C6="","",IFERROR(INDEX(Weights!$G:$G, MATCH($A6&"|"&$C6, Weights!$B:$B, 0)),0)) | G6: =IF($C6="","",IFERROR(INDEX(Weights!$H:$H, MATCH($A6&"|"&$C6, Weights!$B:$B, 0)),0)) | H6: =IF($C6="","",IFERROR(INDEX(Weights!$I:$I, MATCH($A6&"|"&$C6, Weights!$B:$B, 0)),0)) | I6: =IF($C6="","",IFERROR(INDEX(Weights!$J:$J, MATCH($A6&"|"&$C6, Weights!$B:$B, 0)),0)) | J6: =IF($C6="","",IFERROR(INDEX(Weights!$K:$K, MATCH($A6&"|"&$C6, Weights!$B:$B, 0)),0))
A7: Q5 | B7: 여행지에서 길을 잃었을때 | D7: =IF($C7="","",IFERROR(INDEX(Weights!$D:$D, MATCH($A7&"|"&$C7, Weights!$B:$B, 0)),"")) | E7: =IF($C7="","",IFERROR(INDEX(Weights!$F:$F, MATCH($A7&"|"&$C7, Weights!$B:$B, 0)),0)) | F7: =IF($C7="","",IFERROR(INDEX(Weights!$G:$G, MATCH($A7&"|"&$C7, Weights!$B:$B, 0)),0)) | G7: =IF($C7="","",IFERROR(INDEX(Weights!$H:$H, MATCH($A7&"|"&$C7, Weights!$B:$B, 0)),0)) | H7: =IF($C7="","",IFERROR(INDEX(Weights!$I:$I, MATCH($A7&"|"&$C7, Weights!$B:$B, 0)),0)) | I7: =IF($C7="","",IFERROR(INDEX(Weights!$J:$J, MATCH($A7&"|"&$C7, Weights!$B:$B, 0)),0)) | J7: =IF($C7="","",IFERROR(INDEX(Weights!$K:$K, MATCH($A7&"|"&$C7, Weights!$B:$B, 0)),0))
A8: Q6 | B8: 여행지에서 잠시 쉬고 싶을때, 어디가 딱 좋아? | D8: =IF($C8="","",IFERROR(INDEX(Weights!$D:$D, MATCH($A8&"|"&$C8, Weights!$B:$B, 0)),"")) | E8: =IF($C8="","",IFERROR(INDEX(Weights!$F:$F, MATCH($A8&"|"&$C8, Weights!$B:$B, 0)),0)) | F8: =IF($C8="","",IFERROR(INDEX(Weights!$G:$G, MATCH($A8&"|"&$C8, Weights!$B:$B, 0)),0)) | G8: =IF($C8="","",IFERROR(INDEX(Weights!$H:$H, MATCH($A8&"|"&$C8, Weights!$B:$B, 0)),0)) | H8: =IF($C8="","",IFERROR(INDEX(Weights!$I:$I, MATCH($A8&"|"&$C8, Weights!$B:$B, 0)),0)) | I8: =IF($C8="","",IFERROR(INDEX(Weights!$J:$J, MATCH($A8&"|"&$C8, Weights!$B:$B, 0)),0)) | J8: =IF($C8="","",IFERROR(INDEX(Weights!$K:$K, MATCH($A8&"|"&$C8, Weights!$B:$B, 0)),0))
A9: Q7 | B9: 여행의 마지막! 마지막 끼니는 뭐로 마무리할까? | D9: =IF($C9="","",IFERROR(INDEX(Weights!$D:$D, MATCH($A9&"|"&$C9, Weights!$B:$B, 0)),"")) | E9: =IF($C9="","",IFERROR(INDEX(Weights!$F:$F, MATCH($A9&"|"&$C9, Weights!$B:$B, 0)),0)) | F9: =IF($C9="","",IFERROR(INDEX(Weights!$G:$G, MATCH($A9&"|"&$C9, Weights!$B:$B, 0)),0)) | G9: =IF($C9="","",IFERROR(INDEX(Weights!$H:$H, MATCH($A9&"|"&$C9, Weights!$B:$B, 0)),0)) | H9: =IF($C9="","",IFERROR(INDEX(Weights!$I:$I, MATCH($A9&"|"&$C9, Weights!$B:$B, 0)),0)) | I9: =IF($C9="","",IFERROR(INDEX(Weights!$J:$J, MATCH($A9&"|"&$C9, Weights!$B:$B, 0)),0)) | J9: =IF($C9="","",IFERROR(INDEX(Weights!$K:$K, MATCH($A9&"|"&$C9, Weights!$B:$B, 0)),0))
A10: Q8 | B10: 다음 일정 이동 중 너무 멋진 장소 발견! | D10: =IF($C10="","",IFERROR(INDEX(Weights!$D:$D, MATCH($A10&"|"&$C10, Weights!$B:$B, 0)),"")) | E10: =IF($C10="","",IFERROR(INDEX(Weights!$F:$F, MATCH($A10&"|"&$C10, Weights!$B:$B, 0)),0)) | F10: =IF($C10="","",IFERROR(INDEX(Weights!$G:$G, MATCH($A10&"|"&$C10, Weights!$B:$B, 0)),0)) | G10: =IF($C10="","",IFERROR(INDEX(Weights!$H:$H, MATCH($A10&"|"&$C10, Weights!$B:$B, 0)),0)) | H10: =IF($C10="","",IFERROR(INDEX(Weights!$I:$I, MATCH($A10&"|"&$C10, Weights!$B:$B, 0)),0)) | I10: =IF($C10="","",IFERROR(INDEX(Weights!$J:$J, MATCH($A10&"|"&$C10, Weights!$B:$B, 0)),0)) | J10: =IF($C10="","",IFERROR(INDEX(Weights!$K:$K, MATCH($A10&"|"&$C10, Weights!$B:$B, 0)),0))
A11: Q9 | B11: 내가 생각하는 여행 빌런은? | D11: =IF($C11="","",IFERROR(INDEX(Weights!$D:$D, MATCH($A11&"|"&$C11, Weights!$B:$B, 0)),"")) | E11: =IF($C11="","",IFERROR(INDEX(Weights!$F:$F, MATCH($A11&"|"&$C11, Weights!$B:$B, 0)),0)) | F11: =IF($C11="","",IFERROR(INDEX(Weights!$G:$G, MATCH($A11&"|"&$C11, Weights!$B:$B, 0)),0)) | G11: =IF($C11="","",IFERROR(INDEX(Weights!$H:$H, MATCH($A11&"|"&$C11, Weights!$B:$B, 0)),0)) | H11: =IF($C11="","",IFERROR(INDEX(Weights!$I:$I, MATCH($A11&"|"&$C11, Weights!$B:$B, 0)),0)) | I11: =IF($C11="","",IFERROR(INDEX(Weights!$J:$J, MATCH($A11&"|"&$C11, Weights!$B:$B, 0)),0)) | J11: =IF($C11="","",IFERROR(INDEX(Weights!$K:$K, MATCH($A11&"|"&$C11, Weights!$B:$B, 0)),0))
A12: Q10 | B12: 갑자기 비가 온다/비오는날 일정이 비면 나는… | D12: =IF($C12="","",IFERROR(INDEX(Weights!$D:$D, MATCH($A12&"|"&$C12, Weights!$B:$B, 0)),"")) | E12: =IF($C12="","",IFERROR(INDEX(Weights!$F:$F, MATCH($A12&"|"&$C12, Weights!$B:$B, 0)),0)) | F12: =IF($C12="","",IFERROR(INDEX(Weights!$G:$G, MATCH($A12&"|"&$C12, Weights!$B:$B, 0)),0)) | G12: =IF($C12="","",IFERROR(INDEX(Weights!$H:$H, MATCH($A12&"|"&$C12, Weights!$B:$B, 0)),0)) | H12: =IF($C12="","",IFERROR(INDEX(Weights!$I:$I, MATCH($A12&"|"&$C12, Weights!$B:$B, 0)),0)) | I12: =IF($C12="","",IFERROR(INDEX(Weights!$J:$J, MATCH($A12&"|"&$C12, Weights!$B:$B, 0)),0)) | J12: =IF($C12="","",IFERROR(INDEX(Weights!$K:$K, MATCH($A12&"|"&$C12, Weights!$B:$B, 0)),0))
A13: Q11 | B13: 전통주 랜덤 페어링 - 어때요? | D13: =IF($C13="","",IFERROR(INDEX(Weights!$D:$D, MATCH($A13&"|"&$C13, Weights!$B:$B, 0)),"")) | E13: =IF($C13="","",IFERROR(INDEX(Weights!$F:$F, MATCH($A13&"|"&$C13, Weights!$B:$B, 0)),0)) | F13: =IF($C13="","",IFERROR(INDEX(Weights!$G:$G, MATCH($A13&"|"&$C13, Weights!$B:$B, 0)),0)) | G13: =IF($C13="","",IFERROR(INDEX(Weights!$H:$H, MATCH($A13&"|"&$C13, Weights!$B:$B, 0)),0)) | H13: =IF($C13="","",IFERROR(INDEX(Weights!$I:$I, MATCH($A13&"|"&$C13, Weights!$B:$B, 0)),0)) | I13: =IF($C13="","",IFERROR(INDEX(Weights!$J:$J, MATCH($A13&"|"&$C13, Weights!$B:$B, 0)),0)) | J13: =IF($C13="","",IFERROR(INDEX(Weights!$K:$K, MATCH($A13&"|"&$C13, Weights!$B:$B, 0)),0))
A14: Q12 | B14: K-뷰티 스토어에서 내 카드는? | D14: =IF($C14="","",IFERROR(INDEX(Weights!$D:$D, MATCH($A14&"|"&$C14, Weights!$B:$B, 0)),"")) | E14: =IF($C14="","",IFERROR(INDEX(Weights!$F:$F, MATCH($A14&"|"&$C14, Weights!$B:$B, 0)),0)) | F14: =IF($C14="","",IFERROR(INDEX(Weights!$G:$G, MATCH($A14&"|"&$C14, Weights!$B:$B, 0)),0)) | G14: =IF($C14="","",IFERROR(INDEX(Weights!$H:$H, MATCH($A14&"|"&$C14, Weights!$B:$B, 0)),0)) | H14: =IF($C14="","",IFERROR(INDEX(Weights!$I:$I, MATCH($A14&"|"&$C14, Weights!$B:$B, 0)),0)) | I14: =IF($C14="","",IFERROR(INDEX(Weights!$J:$J, MATCH($A14&"|"&$C14, Weights!$B:$B, 0)),0)) | J14: =IF($C14="","",IFERROR(INDEX(Weights!$K:$K, MATCH($A14&"|"&$C14, Weights!$B:$B, 0)),0))
A16: RAW_SUM | E16: =SUM(E3:E14) -> -2 | F16: =SUM(F3:F14) -> 0 | G16: =SUM(G3:G14) -> 0 | H16: =SUM(H3:H14) -> -1 | I16: =SUM(I3:I14) -> -1 | J16: =SUM(J3:J14) -> 0
A17: NORM(-3~3) | E17: =MAX(-3,MIN(3, 3*E16/VLOOKUP("E",Scoring!$A$2:$B$7,2,FALSE))) -> -0.6 | F17: =MAX(-3,MIN(3, 3*F16/VLOOKUP("P",Scoring!$A$2:$B$7,2,FALSE))) -> 0 | G17: =MAX(-3,MIN(3, 3*G16/VLOOKUP("T",Scoring!$A$2:$B$7,2,FALSE))) -> 0 | H17: =MAX(-3,MIN(3, 3*H16/VLOOKUP("S",Scoring!$A$2:$B$7,2,FALSE))) -> -0.42857143 | I17: =MAX(-3,MIN(3, 3*I16/VLOOKUP("X",Scoring!$A$2:$B$7,2,FALSE))) -> -0.23076923 | J17: =MAX(-3,MIN(3, 3*J16/VLOOKUP("B",Scoring!$A$2:$B$7,2,FALSE))) -> 0

Sheet Scoring
A1: Axis | B1: max_abs | C1: 설명
A2: E | B2: 10 | C2: 여행 강도/활동량 선호 (↑ 빡세게, ↓ 회복/느긋)
A3: P | B3: 12 | C3: 계획형 정도 (↑ 계획/예약/최적화, ↓ 즉흥/남에게 맡김)
A4: T | B4: 5 | C4: 트렌드 성향 (↑ 바이럴/핫플, ↓ 로컬/비바이럴)
A5: S | B5: 7 | C5: 사람/자극 선호 (↑ 북적/에너지, ↓ 조용/코지)
A6: X | B6: 13 | C6: 탐험/리스크 감수 (↑ 즉흥/발견/실험, ↓ 안정/복구)
A7: B | B7: 5 | C7: 예산/소비 성향 (↑ 가성비/절약, ↓ 소비/플렉스)
